{
  "context": {
    "projectPath": "/Users/stas/Documents/GitHub/Catch-The-Phish/My project (1)/Packages",
    "unityVersion": "6000.2.6f1"
  },
  "inputs": [
    "/Users/stas/Documents/GitHub/Catch-The-Phish/My project (1)/Packages/manifest.json",
    "/Users/stas/Documents/GitHub/Catch-The-Phish/My project (1)/Packages/packages-lock.json",
    "/Applications/Unity/Hub/Editor/6000.2.6f1/Unity.app/Contents/Resources/PackageManager/BuiltInPackages/BuiltInPackagesCombined.sha1"
  ],
  "outputs": {
    "com.unity.multiplayer.center@1.0.0": {
      "name": "com.unity.multiplayer.center",
      "displayName": "Multiplayer Center",
      "resolvedPath": "/Users/stas/Documents/GitHub/Catch-The-Phish/My project (1)/Library/PackageCache/com.unity.multiplayer.center@f3fb577b3546",
      "fingerprint": "f3fb577b3546594b97b8cc34307cd621f60f1c73",
      "editorCompatibility": "6000.0.0a1",
      "version": "1.0.0",
      "source": "builtin",
      "testable": false
    },
    "com.unity.modules.accessibility@1.0.0": {
      "name": "com.unity.modules.accessibility",
      "displayName": "Accessibility",
      "resolvedPath": "/Applications/Unity/Hub/Editor/6000.2.6f1/Unity.app/Contents/Resources/PackageManager/BuiltInPackages/com.unity.modules.accessibility",
      "version": "1.0.0",
      "source": "builtin",
      "testable": false
    },
    "com.unity.modules.ai@1.0.0": {
      "name": "com.unity.modules.ai",
      "displayName": "AI",
      "resolvedPath": "/Applications/Unity/Hub/Editor/6000.2.6f1/Unity.app/Contents/Resources/PackageManager/BuiltInPackages/com.unity.modules.ai",
      "version": "1.0.0",
      "source": "builtin",
      "testable": false
    },
    "com.unity.modules.androidjni@1.0.0": {
      "name": "com.unity.modules.androidjni",
      "displayName": "Android JNI",
      "resolvedPath": "/Applications/Unity/Hub/Editor/6000.2.6f1/Unity.app/Contents/Resources/PackageManager/BuiltInPackages/com.unity.modules.androidjni",
      "version": "1.0.0",
      "source": "builtin",
      "testable": false
    },
    "com.unity.modules.animation@1.0.0": {
      "name": "com.unity.modules.animation",
      "displayName": "Animation",
      "resolvedPath": "/Applications/Unity/Hub/Editor/6000.2.6f1/Unity.app/Contents/Resources/PackageManager/BuiltInPackages/com.unity.modules.animation",
      "version": "1.0.0",
      "source": "builtin",
      "testable": false
    },
    "com.unity.modules.assetbundle@1.0.0": {
      "name": "com.unity.modules.assetbundle",
      "displayName": "Asset Bundle",
      "resolvedPath": "/Applications/Unity/Hub/Editor/6000.2.6f1/Unity.app/Contents/Resources/PackageManager/BuiltInPackages/com.unity.modules.assetbundle",
      "version": "1.0.0",
      "source": "builtin",
      "testable": false
    },
    "com.unity.modules.audio@1.0.0": {
      "name": "com.unity.modules.audio",
      "displayName": "Audio",
      "resolvedPath": "/Applications/Unity/Hub/Editor/6000.2.6f1/Unity.app/Contents/Resources/PackageManager/BuiltInPackages/com.unity.modules.audio",
      "version": "1.0.0",
      "source": "builtin",
      "testable": false
    },
    "com.unity.modules.cloth@1.0.0": {
      "name": "com.unity.modules.cloth",
      "displayName": "Cloth",
      "resolvedPath": "/Applications/Unity/Hub/Editor/6000.2.6f1/Unity.app/Contents/Resources/PackageManager/BuiltInPackages/com.unity.modules.cloth",
      "version": "1.0.0",
      "source": "builtin",
      "testable": false
    },
    "com.unity.modules.director@1.0.0": {
      "name": "com.unity.modules.director",
      "displayName": "Director",
      "resolvedPath": "/Applications/Unity/Hub/Editor/6000.2.6f1/Unity.app/Contents/Resources/PackageManager/BuiltInPackages/com.unity.modules.director",
      "version": "1.0.0",
      "source": "builtin",
      "testable": false
    },
    "com.unity.modules.imageconversion@1.0.0": {
      "name": "com.unity.modules.imageconversion",
      "displayName": "Image Conversion",
      "resolvedPath": "/Applications/Unity/Hub/Editor/6000.2.6f1/Unity.app/Contents/Resources/PackageManager/BuiltInPackages/com.unity.modules.imageconversion",
      "version": "1.0.0",
      "source": "builtin",
      "testable": false
    },
    "com.unity.modules.imgui@1.0.0": {
      "name": "com.unity.modules.imgui",
      "displayName": "IMGUI",
      "resolvedPath": "/Applications/Unity/Hub/Editor/6000.2.6f1/Unity.app/Contents/Resources/PackageManager/BuiltInPackages/com.unity.modules.imgui",
      "version": "1.0.0",
      "source": "builtin",
      "testable": false
    },
    "com.unity.modules.jsonserialize@1.0.0": {
      "name": "com.unity.modules.jsonserialize",
      "displayName": "JSONSerialize",
      "resolvedPath": "/Applications/Unity/Hub/Editor/6000.2.6f1/Unity.app/Contents/Resources/PackageManager/BuiltInPackages/com.unity.modules.jsonserialize",
      "version": "1.0.0",
      "source": "builtin",
      "testable": false
    },
    "com.unity.modules.particlesystem@1.0.0": {
      "name": "com.unity.modules.particlesystem",
      "displayName": "Particle System",
      "resolvedPath": "/Applications/Unity/Hub/Editor/6000.2.6f1/Unity.app/Contents/Resources/PackageManager/BuiltInPackages/com.unity.modules.particlesystem",
      "version": "1.0.0",
      "source": "builtin",
      "testable": false
    },
    "com.unity.modules.physics@1.0.0": {
      "name": "com.unity.modules.physics",
      "displayName": "Physics",
      "resolvedPath": "/Applications/Unity/Hub/Editor/6000.2.6f1/Unity.app/Contents/Resources/PackageManager/BuiltInPackages/com.unity.modules.physics",
      "version": "1.0.0",
      "source": "builtin",
      "testable": false
    },
    "com.unity.modules.physics2d@1.0.0": {
      "name": "com.unity.modules.physics2d",
      "displayName": "Physics 2D",
      "resolvedPath": "/Applications/Unity/Hub/Editor/6000.2.6f1/Unity.app/Contents/Resources/PackageManager/BuiltInPackages/com.unity.modules.physics2d",
      "version": "1.0.0",
      "source": "builtin",
      "testable": false
    },
    "com.unity.modules.screencapture@1.0.0": {
      "name": "com.unity.modules.screencapture",
      "displayName": "Screen Capture",
      "resolvedPath": "/Applications/Unity/Hub/Editor/6000.2.6f1/Unity.app/Contents/Resources/PackageManager/BuiltInPackages/com.unity.modules.screencapture",
      "version": "1.0.0",
      "source": "builtin",
      "testable": false
    },
    "com.unity.modules.terrain@1.0.0": {
      "name": "com.unity.modules.terrain",
      "displayName": "Terrain",
      "resolvedPath": "/Applications/Unity/Hub/Editor/6000.2.6f1/Unity.app/Contents/Resources/PackageManager/BuiltInPackages/com.unity.modules.terrain",
      "version": "1.0.0",
      "source": "builtin",
      "testable": false
    },
    "com.unity.modules.terrainphysics@1.0.0": {
      "name": "com.unity.modules.terrainphysics",
      "displayName": "Terrain Physics",
      "resolvedPath": "/Applications/Unity/Hub/Editor/6000.2.6f1/Unity.app/Contents/Resources/PackageManager/BuiltInPackages/com.unity.modules.terrainphysics",
      "version": "1.0.0",
      "source": "builtin",
      "testable": false
    },
    "com.unity.modules.tilemap@1.0.0": {
      "name": "com.unity.modules.tilemap",
      "displayName": "Tilemap",
      "resolvedPath": "/Applications/Unity/Hub/Editor/6000.2.6f1/Unity.app/Contents/Resources/PackageManager/BuiltInPackages/com.unity.modules.tilemap",
      "version": "1.0.0",
      "source": "builtin",
      "testable": false
    },
    "com.unity.modules.ui@1.0.0": {
      "name": "com.unity.modules.ui",
      "displayName": "UI",
      "resolvedPath": "/Applications/Unity/Hub/Editor/6000.2.6f1/Unity.app/Contents/Resources/PackageManager/BuiltInPackages/com.unity.modules.ui",
      "version": "1.0.0",
      "source": "builtin",
      "testable": false
    },
    "com.unity.modules.uielements@1.0.0": {
      "name": "com.unity.modules.uielements",
      "displayName": "UIElements",
      "resolvedPath": "/Applications/Unity/Hub/Editor/6000.2.6f1/Unity.app/Contents/Resources/PackageManager/BuiltInPackages/com.unity.modules.uielements",
      "version": "1.0.0",
      "source": "builtin",
      "testable": false
    },
    "com.unity.modules.umbra@1.0.0": {
      "name": "com.unity.modules.umbra",
      "displayName": "Umbra",
      "resolvedPath": "/Applications/Unity/Hub/Editor/6000.2.6f1/Unity.app/Contents/Resources/PackageManager/BuiltInPackages/com.unity.modules.umbra",
      "version": "1.0.0",
      "source": "builtin",
      "testable": false
    },
    "com.unity.modules.unityanalytics@1.0.0": {
      "name": "com.unity.modules.unityanalytics",
      "displayName": "Unity Analytics",
      "resolvedPath": "/Applications/Unity/Hub/Editor/6000.2.6f1/Unity.app/Contents/Resources/PackageManager/BuiltInPackages/com.unity.modules.unityanalytics",
      "version": "1.0.0",
      "source": "builtin",
      "testable": false
    },
    "com.unity.modules.unitywebrequest@1.0.0": {
      "name": "com.unity.modules.unitywebrequest",
      "displayName": "Unity Web Request",
      "resolvedPath": "/Applications/Unity/Hub/Editor/6000.2.6f1/Unity.app/Contents/Resources/PackageManager/BuiltInPackages/com.unity.modules.unitywebrequest",
      "version": "1.0.0",
      "source": "builtin",
      "testable": false
    },
    "com.unity.modules.unitywebrequestassetbundle@1.0.0": {
      "name": "com.unity.modules.unitywebrequestassetbundle",
      "displayName": "Unity Web Request Asset Bundle",
      "resolvedPath": "/Applications/Unity/Hub/Editor/6000.2.6f1/Unity.app/Contents/Resources/PackageManager/BuiltInPackages/com.unity.modules.unitywebrequestassetbundle",
      "version": "1.0.0",
      "source": "builtin",
      "testable": false
    },
    "com.unity.modules.unitywebrequestaudio@1.0.0": {
      "name": "com.unity.modules.unitywebrequestaudio",
      "displayName": "Unity Web Request Audio",
      "resolvedPath": "/Applications/Unity/Hub/Editor/6000.2.6f1/Unity.app/Contents/Resources/PackageManager/BuiltInPackages/com.unity.modules.unitywebrequestaudio",
      "version": "1.0.0",
      "source": "builtin",
      "testable": false
    },
    "com.unity.modules.unitywebrequesttexture@1.0.0": {
      "name": "com.unity.modules.unitywebrequesttexture",
      "displayName": "Unity Web Request Texture",
      "resolvedPath": "/Applications/Unity/Hub/Editor/6000.2.6f1/Unity.app/Contents/Resources/PackageManager/BuiltInPackages/com.unity.modules.unitywebrequesttexture",
      "version": "1.0.0",
      "source": "builtin",
      "testable": false
    },
    "com.unity.modules.unitywebrequestwww@1.0.0": {
      "name": "com.unity.modules.unitywebrequestwww",
      "displayName": "Unity Web Request WWW",
      "resolvedPath": "/Applications/Unity/Hub/Editor/6000.2.6f1/Unity.app/Contents/Resources/PackageManager/BuiltInPackages/com.unity.modules.unitywebrequestwww",
      "version": "1.0.0",
      "source": "builtin",
      "testable": false
    },
    "com.unity.modules.vehicles@1.0.0": {
      "name": "com.unity.modules.vehicles",
      "displayName": "Vehicles",
      "resolvedPath": "/Applications/Unity/Hub/Editor/6000.2.6f1/Unity.app/Contents/Resources/PackageManager/BuiltInPackages/com.unity.modules.vehicles",
      "version": "1.0.0",
      "source": "builtin",
      "testable": false
    },
    "com.unity.modules.video@1.0.0": {
      "name": "com.unity.modules.video",
      "displayName": "Video",
      "resolvedPath": "/Applications/Unity/Hub/Editor/6000.2.6f1/Unity.app/Contents/Resources/PackageManager/BuiltInPackages/com.unity.modules.video",
      "version": "1.0.0",
      "source": "builtin",
      "testable": false
    },
    "com.unity.modules.vr@1.0.0": {
      "name": "com.unity.modules.vr",
      "displayName": "VR",
      "resolvedPath": "/Applications/Unity/Hub/Editor/6000.2.6f1/Unity.app/Contents/Resources/PackageManager/BuiltInPackages/com.unity.modules.vr",
      "version": "1.0.0",
      "source": "builtin",
      "testable": false
    },
    "com.unity.modules.wind@1.0.0": {
      "name": "com.unity.modules.wind",
      "displayName": "Wind",
      "resolvedPath": "/Applications/Unity/Hub/Editor/6000.2.6f1/Unity.app/Contents/Resources/PackageManager/BuiltInPackages/com.unity.modules.wind",
      "version": "1.0.0",
      "source": "builtin",
      "testable": false
    },
    "com.unity.modules.xr@1.0.0": {
      "name": "com.unity.modules.xr",
      "displayName": "XR",
      "resolvedPath": "/Applications/Unity/Hub/Editor/6000.2.6f1/Unity.app/Contents/Resources/PackageManager/BuiltInPackages/com.unity.modules.xr",
      "version": "1.0.0",
      "source": "builtin",
      "testable": false
    },
    "com.unity.modules.subsystems@1.0.0": {
      "name": "com.unity.modules.subsystems",
      "displayName": "Subsystems",
      "resolvedPath": "/Applications/Unity/Hub/Editor/6000.2.6f1/Unity.app/Contents/Resources/PackageManager/BuiltInPackages/com.unity.modules.subsystems",
      "version": "1.0.0",
      "source": "builtin",
      "testable": false
    },
    "com.unity.modules.hierarchycore@1.0.0": {
      "name": "com.unity.modules.hierarchycore",
      "displayName": "Hierarchy Core",
      "resolvedPath": "/Applications/Unity/Hub/Editor/6000.2.6f1/Unity.app/Contents/Resources/PackageManager/BuiltInPackages/com.unity.modules.hierarchycore",
      "version": "1.0.0",
      "source": "builtin",
      "testable": false
    }
  }
}
